sample	EGAF	bamfile	patient	timepoint	tumor_normal	library	platform	platform_unit	study	tumor.normal.pair	exclude.pair.filter
1711STDY5270146	EGAF00000120999	data-bucket/data/EGAF00000120999/7559_1#5.bam	1711STDY5270146	1	T	1	ILLUMINA	unit1	PV	FALSE	FALSE
1711STDY5270147	EGAF00000121000	data-bucket/data/EGAF00000121000/7559_1#6.bam	1711STDY5270147	1	T	1	ILLUMINA	unit1	PV	FALSE	FALSE
1711STDY5270148	EGAF00000121001	data-bucket/data/EGAF00000121001/7559_1#7.bam	1711STDY5270148	1	T	1	ILLUMINA	unit1	PV	FALSE	FALSE
1712STDY5304131	EGAF00000119256	data-bucket/data/EGAF00000119256/7820_7#8.bam	1712STDY5304131	1	T	1	ILLUMINA	unit1	PMF	FALSE	FALSE
1712STDY5304137	EGAF00000122102	data-bucket/data/EGAF00000122102/7846_4#6.bam	1712STDY5304137	1	T	1	ILLUMINA	unit1	PMF	FALSE	FALSE
1712STDY5304145	EGAF00000122110	data-bucket/data/EGAF00000122110/7846_6#6.bam	1712STDY5304145	1	T	1	ILLUMINA	unit1	PMF	FALSE	FALSE
1712STDY5304153	EGAF00000119265	data-bucket/data/EGAF00000119265/7822_2#6.bam	1712STDY5304153	1	T	1	ILLUMINA	unit1	PMF	FALSE	FALSE
1712STDY5304154	EGAF00000119266	data-bucket/data/EGAF00000119266/7822_2#7.bam	1712STDY5304154	1	T	1	ILLUMINA	unit1	PMF	FALSE	FALSE
1712STDY5368618	EGAF00000147115	data-bucket/data/EGAF00000147115/8267_1#1.bam	1712STDY5368618	1	T	2	ILLUMINA	unit1	PMF	FALSE	FALSE
PD4060a	EGAF00000069771	data-bucket/data/EGAF00000069771/4518_5.bam	PD4060	1	T	3	ILLUMINA	unit1	PMF	TRUE	FALSE
PD4060b2	EGAF00000066353	data-bucket/data/EGAF00000066353/6722_8#8.bam	PD4060	1	N	1	ILLUMINA	unit1	PMF	TRUE	FALSE
PD4060c	EGAF00000069764	data-bucket/data/EGAF00000069764/4671_1.bam	PD4060	1	T	3	ILLUMINA	unit1	PMF	TRUE	FALSE
PD4177a	EGAF00000069769	data-bucket/data/EGAF00000069769/5286_4.bam	PD4177	1	T	2	ILLUMINA	unit1	PMF	TRUE	FALSE
PD4177b_WGA	EGAF00000069761	data-bucket/data/EGAF00000069761/5286_5.bam	PD4177	1	N	2	ILLUMINA	unit1	PMF	TRUE	FALSE
PD4177c	EGAF00000147114	data-bucket/data/EGAF00000147114/8251_8#7.bam	PD4177	1	T	2	ILLUMINA	unit1	PMF	TRUE	FALSE
PD4178a	EGAF00000069768	data-bucket/data/EGAF00000069768/5286_6.bam	PD4178	1	T	2	ILLUMINA	unit1	PMF	TRUE	FALSE
PD4178b_WGA	EGAF00000069766	data-bucket/data/EGAF00000069766/5286_7.bam	PD4178	1	N	2	ILLUMINA	unit1	PMF	TRUE	FALSE
PD4178c	EGAF00000119257	data-bucket/data/EGAF00000119257/7820_8#2.bam	PD4178	1	T	1	ILLUMINA	unit1	PMF	TRUE	FALSE
PD4772a	EGAF00000066386	data-bucket/data/EGAF00000066386/5827_7.bam	PD4772	1	T	1	ILLUMINA	unit1	PV	TRUE	FALSE
PD4772b	EGAF00000066363	data-bucket/data/EGAF00000066363/5827_8.bam	PD4772	1	N	1	ILLUMINA	unit1	PV	TRUE	FALSE
PD4773a	EGAF00000066417	data-bucket/data/EGAF00000066417/5727_3.bam	PD4773	1	T	1	ILLUMINA	unit1	PV	TRUE	FALSE
PD4773b	EGAF00000066409	data-bucket/data/EGAF00000066409/5727_4.bam	PD4773	1	N	1	ILLUMINA	unit1	PV	TRUE	FALSE
PD4775a	EGAF00000066378	data-bucket/data/EGAF00000066378/5722_1.bam	PD4775	1	T	1	ILLUMINA	unit1	PV	TRUE	FALSE
PD4775b	EGAF00000066372	data-bucket/data/EGAF00000066372/5722_2.bam	PD4775	1	N	1	ILLUMINA	unit1	PV	TRUE	FALSE
PD4776a	EGAF00000066338	data-bucket/data/EGAF00000066338/5828_1.bam	PD4776	1	T	1	ILLUMINA	unit1	PV	TRUE	FALSE
PD4776b	EGAF00000066347	data-bucket/data/EGAF00000066347/5828_2.bam	PD4776	1	N	1	ILLUMINA	unit1	PV	TRUE	FALSE
PD4777a	EGAF00000066415	data-bucket/data/EGAF00000066415/5828_3.bam	PD4777	1	T	1	ILLUMINA	unit1	PV	TRUE	FALSE
PD4777b	EGAF00000066390	data-bucket/data/EGAF00000066390/5830_1.bam	PD4777	1	N	1	ILLUMINA	unit1	PV	TRUE	FALSE
PD4778a	EGAF00000066364	data-bucket/data/EGAF00000066364/5722_3.bam	PD4778	1	T	1	ILLUMINA	unit1	PV	TRUE	FALSE
PD4778b	EGAF00000066359	data-bucket/data/EGAF00000066359/5722_4.bam	PD4778	1	N	1	ILLUMINA	unit1	PV	TRUE	FALSE
PD4779a	EGAF00000066346	data-bucket/data/EGAF00000066346/5828_4.bam	PD4779	1	T	1	ILLUMINA	unit1	PV	TRUE	FALSE
PD4779b	EGAF00000066400	data-bucket/data/EGAF00000066400/5828_5.bam	PD4779	1	N	1	ILLUMINA	unit1	PV	TRUE	FALSE
PD4780a	EGAF00000066336	data-bucket/data/EGAF00000066336/5828_8.bam	PD4780	1	T	1	ILLUMINA	unit1	PV	TRUE	FALSE
PD4780b	EGAF00000066397	data-bucket/data/EGAF00000066397/5829_1.bam	PD4780	1	N	1	ILLUMINA	unit1	PV	TRUE	FALSE
PD4781a	EGAF00000066331	data-bucket/data/EGAF00000066331/5828_7.bam	PD4781	1	T	1	ILLUMINA	unit1	PV	TRUE	FALSE
PD4781b	EGAF00000066388	data-bucket/data/EGAF00000066388/5828_6.bam	PD4781	1	N	1	ILLUMINA	unit1	PV	TRUE	FALSE
PD4940a	EGAF00000066357	data-bucket/data/EGAF00000066357/5835_4.bam	PD4940	1	T	1	ILLUMINA	unit1	PV	TRUE	FALSE
PD4940b	EGAF00000066407	data-bucket/data/EGAF00000066407/5829_2.bam	PD4940	1	N	1	ILLUMINA	unit1	PV	TRUE	FALSE
PD4940b2	EGAF00000066349	data-bucket/data/EGAF00000066349/6722_8#6.bam	PD4940	1	N	1	ILLUMINA	unit1	PV	TRUE	FALSE
PD4941a	EGAF00000066334	data-bucket/data/EGAF00000066334/5835_5.bam	PD4941	1	T	1	ILLUMINA	unit1	PV	TRUE	FALSE
PD4941b	EGAF00000066393	data-bucket/data/EGAF00000066393/5829_3.bam	PD4941	1	N	1	ILLUMINA	unit1	PV	TRUE	FALSE
PD4942a	EGAF00000066340	data-bucket/data/EGAF00000066340/5835_6.bam	PD4942	1	T	1	ILLUMINA	unit1	PV	TRUE	FALSE
PD4942b	EGAF00000066385	data-bucket/data/EGAF00000066385/5829_4.bam	PD4942	1	N	1	ILLUMINA	unit1	PV	TRUE	FALSE
PD4942b2	EGAF00000066370	data-bucket/data/EGAF00000066370/6722_8#7.bam	PD4942	1	N	1	ILLUMINA	unit1	PV	TRUE	FALSE
PD4943a	EGAF00000066391	data-bucket/data/EGAF00000066391/5835_7.bam	PD4943	1	T	1	ILLUMINA	unit1	PV	TRUE	FALSE
PD4943b	EGAF00000066327	data-bucket/data/EGAF00000066327/5829_5.bam	PD4943	1	N	1	ILLUMINA	unit1	PV	TRUE	FALSE
PD4944a	EGAF00000066330	data-bucket/data/EGAF00000066330/5835_8.bam	PD4944	1	T	1	ILLUMINA	unit1	PV	TRUE	FALSE
PD4944b	EGAF00000066368	data-bucket/data/EGAF00000066368/5829_6.bam	PD4944	1	N	1	ILLUMINA	unit1	PV	TRUE	FALSE
PD5003a2	EGAF00000163498	data-bucket/data/EGAF00000163498/8678_3#1.bam	PD5003	1	T	2	ILLUMINA	unit1	ET	TRUE	TRUE
PD5003b	EGAF00000147121	data-bucket/data/EGAF00000147121/8267_1#8.bam	PD5003	1	N	2	ILLUMINA	unit1	ET	TRUE	TRUE
PD5010a2	EGAF00000111536	data-bucket/data/EGAF00000111536/7383_5#1.bam	PD5010	1	T	1	ILLUMINA	unit1	ET	TRUE	FALSE
PD5010b	EGAF00000101353	data-bucket/data/EGAF00000101353/7393_8#1.bam	PD5010	1	N	1	ILLUMINA	unit1	ET	TRUE	FALSE
PD5010c	EGAF00000147112	data-bucket/data/EGAF00000147112/8251_8#5.bam	PD5010	1	T	2	ILLUMINA	unit1	ET	TRUE	FALSE
PD5111a	EGAF00000066345	data-bucket/data/EGAF00000066345/5830_6.bam	PD5111	1	T	1	ILLUMINA	unit1	PV	TRUE	FALSE
PD5111b	EGAF00000066414	data-bucket/data/EGAF00000066414/5835_1.bam	PD5111	1	N	1	ILLUMINA	unit1	PV	TRUE	FALSE
PD5115a2	EGAF00000104764	data-bucket/data/EGAF00000104764/7383_6#2.bam	PD5115	1	T	1	ILLUMINA	unit1	PV	TRUE	FALSE
PD5115b	EGAF00000104758	data-bucket/data/EGAF00000104758/7175_5#2.bam	PD5115	1	N	1	ILLUMINA	unit1	PV	TRUE	FALSE
PD5116a2	EGAF00000103247	data-bucket/data/EGAF00000103247/7383_6#3.bam	PD5116	1	T	1	ILLUMINA	unit1	PV	TRUE	FALSE
PD5116b	EGAF00000103242	data-bucket/data/EGAF00000103242/7175_5#3.bam	PD5116	1	N	1	ILLUMINA	unit1	PV	TRUE	FALSE
PD5117b	EGAF00000066350	data-bucket/data/EGAF00000066350/6880_4#1.bam	PD5117	1	N	1	ILLUMINA	unit1	PV	TRUE	FALSE
PD5117c	EGAF00000066343	data-bucket/data/EGAF00000066343/6886_4#1.bam	PD5117	1	T	1	ILLUMINA	unit1	PV	TRUE	FALSE
PD5120a	EGAF00000066392	data-bucket/data/EGAF00000066392/5830_5.bam	PD5120	1	T	1	ILLUMINA	unit1	PV	TRUE	FALSE
PD5120b	EGAF00000066344	data-bucket/data/EGAF00000066344/5829_8.bam	PD5120	1	N	1	ILLUMINA	unit1	PV	TRUE	FALSE
PD5121b	EGAF00000066356	data-bucket/data/EGAF00000066356/6722_7#3.bam	PD5121	1	N	1	ILLUMINA	unit1	PV	TRUE	FALSE
PD5121c	EGAF00000066375	data-bucket/data/EGAF00000066375/6735_8#2.bam	PD5121	1	T	1	ILLUMINA	unit1	PV	TRUE	FALSE
PD5122a	EGAF00000066355	data-bucket/data/EGAF00000066355/5830_4.bam	PD5122	1	T	1	ILLUMINA	unit1	PV	TRUE	FALSE
PD5122b	EGAF00000066351	data-bucket/data/EGAF00000066351/5829_7.bam	PD5122	1	N	1	ILLUMINA	unit1	PV	TRUE	FALSE
PD5123a2	EGAF00000103249	data-bucket/data/EGAF00000103249/7383_7#4.bam	PD5123	1	T	1	ILLUMINA	unit1	PV	FALSE	FALSE
PD5133b	EGAF00000066379	data-bucket/data/EGAF00000066379/6722_5#4.bam	PD5133	1	N	1	ILLUMINA	unit1	PV	TRUE	FALSE
PD5133c	EGAF00000066404	data-bucket/data/EGAF00000066404/6735_6#3.bam	PD5133	1	T	1	ILLUMINA	unit1	PV	TRUE	FALSE
PD5134b	EGAF00000066366	data-bucket/data/EGAF00000066366/6722_5#5.bam	PD5134	1	N	1	ILLUMINA	unit1	PV	TRUE	FALSE
PD5134c	EGAF00000066335	data-bucket/data/EGAF00000066335/6735_6#4.bam	PD5134	1	T	1	ILLUMINA	unit1	PV	TRUE	FALSE
PD5135b	EGAF00000066326	data-bucket/data/EGAF00000066326/6722_5#6.bam	PD5135	1	N	1	ILLUMINA	unit1	PV	TRUE	FALSE
PD5135c	EGAF00000066337	data-bucket/data/EGAF00000066337/6735_6#5.bam	PD5135	1	T	1	ILLUMINA	unit1	PV	TRUE	FALSE
PD5136b	EGAF00000066401	data-bucket/data/EGAF00000066401/6722_6#7.bam	PD5136	1	N	1	ILLUMINA	unit1	PV	TRUE	FALSE
PD5136c	EGAF00000066373	data-bucket/data/EGAF00000066373/6735_7#6.bam	PD5136	1	T	1	ILLUMINA	unit1	PV	TRUE	FALSE
PD5138b	EGAF00000066365	data-bucket/data/EGAF00000066365/6880_4#2.bam	PD5138	1	N	1	ILLUMINA	unit1	PV	TRUE	FALSE
PD5138c	EGAF00000066341	data-bucket/data/EGAF00000066341/6886_4#2.bam	PD5138	1	T	1	ILLUMINA	unit1	PV	TRUE	FALSE
PD5141b	EGAF00000066384	data-bucket/data/EGAF00000066384/6880_4#3.bam	PD5141	1	N	1	ILLUMINA	unit1	PV	TRUE	FALSE
PD5141c	EGAF00000066369	data-bucket/data/EGAF00000066369/6886_4#3.bam	PD5141	1	T	1	ILLUMINA	unit1	PV	TRUE	FALSE
PD5148b	EGAF00000066398	data-bucket/data/EGAF00000066398/6880_5#4.bam	PD5148	1	N	1	ILLUMINA	unit1	PV	TRUE	FALSE
PD5148c	EGAF00000066395	data-bucket/data/EGAF00000066395/6886_5#4.bam	PD5148	1	T	1	ILLUMINA	unit1	PV	TRUE	FALSE
PD5151a2	EGAF00000104765	data-bucket/data/EGAF00000104765/7383_7#5.bam	PD5151	1	T	1	ILLUMINA	unit1	PV	TRUE	FALSE
PD5151b	EGAF00000103243	data-bucket/data/EGAF00000103243/7175_6#5.bam	PD5151	1	N	1	ILLUMINA	unit1	PV	TRUE	FALSE
PD5155b	EGAF00000066389	data-bucket/data/EGAF00000066389/6880_5#5.bam	PD5155	1	N	1	ILLUMINA	unit1	PV	TRUE	FALSE
PD5155c	EGAF00000066382	data-bucket/data/EGAF00000066382/6886_5#5.bam	PD5155	1	T	1	ILLUMINA	unit1	PV	TRUE	FALSE
PD5158b	EGAF00000066352	data-bucket/data/EGAF00000066352/6880_5#6.bam	PD5158	1	N	1	ILLUMINA	unit1	PV	TRUE	FALSE
PD5158c	EGAF00000066412	data-bucket/data/EGAF00000066412/6886_5#6.bam	PD5158	1	T	1	ILLUMINA	unit1	PV	TRUE	FALSE
PD5161b	EGAF00000066408	data-bucket/data/EGAF00000066408/6722_7#4.bam	PD5161	1	N	1	ILLUMINA	unit1	PV	TRUE	FALSE
PD5161c	EGAF00000066377	data-bucket/data/EGAF00000066377/6735_8#3.bam	PD5161	1	T	1	ILLUMINA	unit1	PV	TRUE	FALSE
PD5163b	EGAF00000066405	data-bucket/data/EGAF00000066405/6880_6#7.bam	PD5163	1	N	1	ILLUMINA	unit1	PV	TRUE	FALSE
PD5163c	EGAF00000066387	data-bucket/data/EGAF00000066387/6886_6#7.bam	PD5163	1	T	1	ILLUMINA	unit1	PV	TRUE	FALSE
PD5164b	EGAF00000066354	data-bucket/data/EGAF00000066354/6722_6#1.bam	PD5164	1	N	1	ILLUMINA	unit1	PV	TRUE	FALSE
PD5164c	EGAF00000066376	data-bucket/data/EGAF00000066376/6735_7#8.bam	PD5164	1	T	1	ILLUMINA	unit1	PV	TRUE	FALSE
PD5165b	EGAF00000066403	data-bucket/data/EGAF00000066403/6722_7#2.bam	PD5165	1	N	1	ILLUMINA	unit1	PV	TRUE	FALSE
PD5165c	EGAF00000066360	data-bucket/data/EGAF00000066360/6735_8#1.bam	PD5165	1	T	1	ILLUMINA	unit1	PV	TRUE	FALSE
PD5175a2	EGAF00000103250	data-bucket/data/EGAF00000103250/7383_7#6.bam	PD5175	1	T	1	ILLUMINA	unit1	PV	TRUE	FALSE
PD5175b	EGAF00000104760	data-bucket/data/EGAF00000104760/7175_6#6.bam	PD5175	1	N	1	ILLUMINA	unit1	PV	TRUE	FALSE
PD5182b	EGAF00000066342	data-bucket/data/EGAF00000066342/6880_6#8.bam	PD5182	1	N	1	ILLUMINA	unit1	PV	TRUE	FALSE
PD5182c	EGAF00000066358	data-bucket/data/EGAF00000066358/6886_6#8.bam	PD5182	1	T	1	ILLUMINA	unit1	PV	TRUE	FALSE
PD5192b	EGAF00000066402	data-bucket/data/EGAF00000066402/6880_6#1.bam	PD5192	1	N	1	ILLUMINA	unit1	PV	TRUE	FALSE
PD5192c	EGAF00000066332	data-bucket/data/EGAF00000066332/6886_6#1.bam	PD5192	1	T	1	ILLUMINA	unit1	PV	TRUE	FALSE
PD5847a	EGAF00000066333	data-bucket/data/EGAF00000066333/5830_7.bam	PD5847	1	T	1	ILLUMINA	unit1	PV	TRUE	FALSE
PD5847b	EGAF00000066383	data-bucket/data/EGAF00000066383/5835_2.bam	PD5847	1	N	1	ILLUMINA	unit1	PV	TRUE	FALSE
PD5848a	EGAF00000066328	data-bucket/data/EGAF00000066328/5830_8.bam	PD5848	1	T	1	ILLUMINA	unit1	PV	TRUE	FALSE
PD5848b	EGAF00000066380	data-bucket/data/EGAF00000066380/5835_3.bam	PD5848	1	N	1	ILLUMINA	unit1	PV	TRUE	FALSE
PD6548b	EGAF00000064156	data-bucket/data/EGAF00000064156/6719_6#7.bam	PD6548	1	N	1	ILLUMINA	unit1	ET	TRUE	FALSE
PD6548c	EGAF00000064211	data-bucket/data/EGAF00000064211/6734_7#6.bam	PD6548	1	T	1	ILLUMINA	unit1	ET	TRUE	FALSE
PD6549a	EGAF00000111523	data-bucket/data/EGAF00000111523/7344_8#7.bam	PD6549	1	T	1	ILLUMINA	unit1	ET	TRUE	FALSE
PD6549b	EGAF00000111506	data-bucket/data/EGAF00000111506/7200_5#7.bam	PD6549	1	N	1	ILLUMINA	unit1	ET	TRUE	FALSE
PD6553b	EGAF00000064164	data-bucket/data/EGAF00000064164/6719_3#6.bam	PD6553	1	N	1	ILLUMINA	unit1	ET	TRUE	FALSE
PD6553c	EGAF00000064139	data-bucket/data/EGAF00000064139/6734_4#5.bam	PD6553	1	T	1	ILLUMINA	unit1	ET	TRUE	FALSE
PD6561a	EGAF00000111524	data-bucket/data/EGAF00000111524/7344_8#8.bam	PD6561	1	T	1	ILLUMINA	unit1	ET	TRUE	FALSE
PD6561b	EGAF00000111507	data-bucket/data/EGAF00000111507/7200_5#8.bam	PD6561	1	N	1	ILLUMINA	unit1	ET	TRUE	FALSE
PD6561c	EGAF00000147113	data-bucket/data/EGAF00000147113/8251_8#6.bam	PD6561	1	N	2	ILLUMINA	unit1	ET	TRUE	FALSE
PD6562a	EGAF00000111522	data-bucket/data/EGAF00000111522/7344_8#1.bam	PD6562	1	T	1	ILLUMINA	unit1	ET	TRUE	FALSE
PD6562b	EGAF00000111505	data-bucket/data/EGAF00000111505/7200_5#1.bam	PD6562	1	N	1	ILLUMINA	unit1	ET	TRUE	FALSE
PD6563a	EGAF00000111519	data-bucket/data/EGAF00000111519/7344_7#2.bam	PD6563	1	T	1	ILLUMINA	unit1	ET	TRUE	FALSE
PD6563b	EGAF00000111502	data-bucket/data/EGAF00000111502/7200_4#2.bam	PD6563	1	N	1	ILLUMINA	unit1	ET	TRUE	FALSE
PD6566a	EGAF00000111520	data-bucket/data/EGAF00000111520/7344_7#3.bam	PD6566	1	T	1	ILLUMINA	unit1	ET	TRUE	FALSE
PD6566b	EGAF00000111503	data-bucket/data/EGAF00000111503/7200_4#3.bam	PD6566	1	N	1	ILLUMINA	unit1	ET	TRUE	FALSE
PD6567c	EGAF00000064172	data-bucket/data/EGAF00000064172/6734_8#2.bam	PD6567	1	T	1	ILLUMINA	unit1	ET	FALSE	FALSE
PD6568a2	EGAF00000111540	data-bucket/data/EGAF00000111540/7383_8#7.bam	PD6568	1	T	1	ILLUMINA	unit1	ET	TRUE	FALSE
PD6568b	EGAF00000101666	data-bucket/data/EGAF00000101666/7443_7#7.bam	PD6568	1	N	1	ILLUMINA	unit1	ET	TRUE	FALSE
PD6570b	EGAF00000064194	data-bucket/data/EGAF00000064194/6874_1#8.bam	PD6570	1	N	1	ILLUMINA	unit1	ET	TRUE	FALSE
PD6570c	EGAF00000064195	data-bucket/data/EGAF00000064195/6831_4#8.bam	PD6570	1	T	1	ILLUMINA	unit1	ET	TRUE	FALSE
PD6573a	EGAF00000111521	data-bucket/data/EGAF00000111521/7344_7#4.bam	PD6573	1	T	1	ILLUMINA	unit1	ET	TRUE	FALSE
PD6573b	EGAF00000111504	data-bucket/data/EGAF00000111504/7200_4#4.bam	PD6573	1	N	1	ILLUMINA	unit1	ET	TRUE	FALSE
PD6586b	EGAF00000064181	data-bucket/data/EGAF00000064181/6874_1#1.bam	PD6586	1	N	1	ILLUMINA	unit1	ET	TRUE	FALSE
PD6586c	EGAF00000064209	data-bucket/data/EGAF00000064209/6831_4#1.bam	PD6586	1	T	1	ILLUMINA	unit1	ET	TRUE	FALSE
PD6590b	EGAF00000111499	data-bucket/data/EGAF00000111499/7200_3#5.bam	PD6590	1	T	1	ILLUMINA	unit1	ET	FALSE	FALSE
PD6591b	EGAF00000064196	data-bucket/data/EGAF00000064196/6722_3#7.bam	PD6591	1	N	1	ILLUMINA	unit1	ET	TRUE	FALSE
PD6591c	EGAF00000064137	data-bucket/data/EGAF00000064137/6735_4#6.bam	PD6591	1	T	1	ILLUMINA	unit1	ET	TRUE	FALSE
PD6593a	EGAF00000111487	data-bucket/data/EGAF00000111487/7096_4#6.bam	PD6593	1	T	1	ILLUMINA	unit1	ET	TRUE	FALSE
PD6593b	EGAF00000111500	data-bucket/data/EGAF00000111500/7200_3#6.bam	PD6593	1	N	1	ILLUMINA	unit1	ET	TRUE	FALSE
PD6594b	EGAF00000064150	data-bucket/data/EGAF00000064150/6722_2#3.bam	PD6594	1	N	1	ILLUMINA	unit1	ET	TRUE	FALSE
PD6594c	EGAF00000064199	data-bucket/data/EGAF00000064199/6735_3#2.bam	PD6594	1	T	1	ILLUMINA	unit1	ET	TRUE	FALSE
PD6597a	EGAF00000111488	data-bucket/data/EGAF00000111488/7096_4#7.bam	PD6597	1	T	1	ILLUMINA	unit1	ET	TRUE	FALSE
PD6597b	EGAF00000111501	data-bucket/data/EGAF00000111501/7200_3#7.bam	PD6597	1	N	1	ILLUMINA	unit1	ET	TRUE	FALSE
PD6598a2	EGAF00000111541	data-bucket/data/EGAF00000111541/7383_8#8.bam	PD6598	1	T	1	ILLUMINA	unit1	ET	TRUE	FALSE
PD6598b	EGAF00000101667	data-bucket/data/EGAF00000101667/7443_7#8.bam	PD6598	1	N	1	ILLUMINA	unit1	ET	TRUE	FALSE
PD6599b	EGAF00000064198	data-bucket/data/EGAF00000064198/6874_1#2.bam	PD6599	1	N	1	ILLUMINA	unit1	ET	TRUE	FALSE
PD6599c	EGAF00000064202	data-bucket/data/EGAF00000064202/6831_4#2.bam	PD6599	1	T	1	ILLUMINA	unit1	ET	TRUE	FALSE
PD6600b	EGAF00000064182	data-bucket/data/EGAF00000064182/6719_4#2.bam	PD6600	1	N	1	ILLUMINA	unit1	ET	TRUE	FALSE
PD6600c	EGAF00000064166	data-bucket/data/EGAF00000064166/6734_5#1.bam	PD6600	1	T	1	ILLUMINA	unit1	ET	TRUE	FALSE
PD6602a	EGAF00000111518	data-bucket/data/EGAF00000111518/7344_6#8.bam	PD6602	1	T	1	ILLUMINA	unit1	ET	TRUE	FALSE
PD6602b	EGAF00000111498	data-bucket/data/EGAF00000111498/7200_2#8.bam	PD6602	1	N	1	ILLUMINA	unit1	ET	TRUE	FALSE
PD6603a2	EGAF00000111539	data-bucket/data/EGAF00000111539/7383_8#1.bam	PD6603	1	T	1	ILLUMINA	unit1	ET	TRUE	FALSE
PD6603b	EGAF00000101665	data-bucket/data/EGAF00000101665/7443_7#1.bam	PD6603	1	N	1	ILLUMINA	unit1	ET	TRUE	FALSE
PD6606a	EGAF00000111516	data-bucket/data/EGAF00000111516/7344_6#1.bam	PD6606	1	T	1	ILLUMINA	unit1	ET	TRUE	FALSE
PD6606b	EGAF00000111496	data-bucket/data/EGAF00000111496/7200_2#1.bam	PD6606	1	N	1	ILLUMINA	unit1	ET	TRUE	FALSE
PD6619b	EGAF00000064175	data-bucket/data/EGAF00000064175/6722_1#2.bam	PD6619	1	N	1	ILLUMINA	unit1	ET	TRUE	FALSE
PD6619c	EGAF00000064212	data-bucket/data/EGAF00000064212/6735_2#1.bam	PD6619	1	T	1	ILLUMINA	unit1	ET	TRUE	FALSE
PD6620a2	EGAF00000111542	data-bucket/data/EGAF00000111542/7394_1#2.bam	PD6620	1	T	1	ILLUMINA	unit1	ET	TRUE	FALSE
PD6620b	EGAF00000101668	data-bucket/data/EGAF00000101668/7443_8#2.bam	PD6620	1	N	1	ILLUMINA	unit1	ET	TRUE	FALSE
PD6626a2	EGAF00000111543	data-bucket/data/EGAF00000111543/7394_1#3.bam	PD6626	1	T	1	ILLUMINA	unit1	ET	TRUE	FALSE
PD6626b	EGAF00000101669	data-bucket/data/EGAF00000101669/7443_8#3.bam	PD6626	1	N	1	ILLUMINA	unit1	ET	TRUE	FALSE
PD6628a2	EGAF00000163499	data-bucket/data/EGAF00000163499/8678_3#2.bam	PD6628	1	T	2	ILLUMINA	unit1	ET	TRUE	TRUE
PD6628b	EGAF00000147117	data-bucket/data/EGAF00000147117/8267_1#3.bam	PD6628	1	N	2	ILLUMINA	unit1	ET	TRUE	TRUE
PD6629b	EGAF00000064165	data-bucket/data/EGAF00000064165/6719_8#6.bam	PD6629	1	N	1	ILLUMINA	unit1	ET	TRUE	FALSE
PD6629c	EGAF00000064145	data-bucket/data/EGAF00000064145/6735_1#5.bam	PD6629	1	T	1	ILLUMINA	unit1	ET	TRUE	FALSE
PD6637a2	EGAF00000163500	data-bucket/data/EGAF00000163500/8678_3#3.bam	PD6637	1	T	2	ILLUMINA	unit1	ET	TRUE	TRUE
PD6637b	EGAF00000147116	data-bucket/data/EGAF00000147116/8267_1#2.bam	PD6637	1	N	2	ILLUMINA	unit1	ET	TRUE	TRUE
PD6638b	EGAF00000064192	data-bucket/data/EGAF00000064192/6719_8#5.bam	PD6638	1	T	1	ILLUMINA	unit1	ET	FALSE	FALSE
PD6642b	EGAF00000064206	data-bucket/data/EGAF00000064206/6719_3#7.bam	PD6642	1	N	1	ILLUMINA	unit1	ET	TRUE	FALSE
PD6642c	EGAF00000064158	data-bucket/data/EGAF00000064158/6734_4#6.bam	PD6642	1	T	1	ILLUMINA	unit1	ET	TRUE	FALSE
PD6644b	EGAF00000064169	data-bucket/data/EGAF00000064169/6719_7#4.bam	PD6644	1	N	1	ILLUMINA	unit1	ET	TRUE	FALSE
PD6644c	EGAF00000064168	data-bucket/data/EGAF00000064168/6734_8#3.bam	PD6644	1	T	1	ILLUMINA	unit1	ET	TRUE	FALSE
PD6646b	EGAF00000064154	data-bucket/data/EGAF00000064154/6719_5#4.bam	PD6646	1	N	1	ILLUMINA	unit1	ET	TRUE	FALSE
PD6646c	EGAF00000064160	data-bucket/data/EGAF00000064160/6734_6#3.bam	PD6646	1	T	1	ILLUMINA	unit1	ET	TRUE	FALSE
PD6647a2	EGAF00000163501	data-bucket/data/EGAF00000163501/8678_3#4.bam	PD6647	1	T	2	ILLUMINA	unit1	ET	FALSE	TRUE
PD6647b	EGAF00000147118	data-bucket/data/EGAF00000147118/8267_1#4.bam	PD6647	1	T	2	ILLUMINA	unit1	ET	FALSE	TRUE
PD6648a2	EGAF00000111544	data-bucket/data/EGAF00000111544/7394_1#4.bam	PD6648	1	T	1	ILLUMINA	unit1	ET	FALSE	FALSE
PD6650a2	EGAF00000163502	data-bucket/data/EGAF00000163502/8678_3#5.bam	PD6650	1	T	2	ILLUMINA	unit1	ET	TRUE	FALSE
PD6650b	EGAF00000147119	data-bucket/data/EGAF00000147119/8267_1#5.bam	PD6650	1	N	2	ILLUMINA	unit1	ET	TRUE	FALSE
PD6652b	EGAF00000064185	data-bucket/data/EGAF00000064185/6719_7#2.bam	PD6652	1	N	1	ILLUMINA	unit1	ET	TRUE	TRUE
PD6652c	EGAF00000064178	data-bucket/data/EGAF00000064178/6734_8#1.bam	PD6652	1	T	1	ILLUMINA	unit1	ET	TRUE	TRUE
PD6653b	EGAF00000064203	data-bucket/data/EGAF00000064203/6719_4#3.bam	PD6653	1	N	1	ILLUMINA	unit1	ET	TRUE	FALSE
PD6653c	EGAF00000064147	data-bucket/data/EGAF00000064147/6734_5#2.bam	PD6653	1	T	1	ILLUMINA	unit1	ET	TRUE	FALSE
PD6654b	EGAF00000064197	data-bucket/data/EGAF00000064197/6722_2#4.bam	PD6654	1	N	1	ILLUMINA	unit1	ET	TRUE	FALSE
PD6654c	EGAF00000064153	data-bucket/data/EGAF00000064153/6735_3#3.bam	PD6654	1	T	1	ILLUMINA	unit1	ET	TRUE	FALSE
PD6656b	EGAF00000064167	data-bucket/data/EGAF00000064167/6719_5#5.bam	PD6656	1	N	1	ILLUMINA	unit1	ET	TRUE	FALSE
PD6656c	EGAF00000064152	data-bucket/data/EGAF00000064152/6734_6#4.bam	PD6656	1	T	1	ILLUMINA	unit1	ET	TRUE	FALSE
PD6657b	EGAF00000064157	data-bucket/data/EGAF00000064157/6719_5#6.bam	PD6657	1	N	1	ILLUMINA	unit1	ET	TRUE	FALSE
PD6657c	EGAF00000064151	data-bucket/data/EGAF00000064151/6734_6#5.bam	PD6657	1	T	1	ILLUMINA	unit1	ET	TRUE	FALSE
PD6661b	EGAF00000064189	data-bucket/data/EGAF00000064189/6874_2#3.bam	PD6661	1	N	2	ILLUMINA	unit1	ET	TRUE	FALSE
PD6661c	EGAF00000064179	data-bucket/data/EGAF00000064179/6831_6#3.bam	PD6661	1	T	2	ILLUMINA	unit1	ET	TRUE	FALSE
PD7266a	EGAF00000064161	data-bucket/data/EGAF00000064161/6734_4#7.bam	PD7266	1	T	1	ILLUMINA	unit1	ET	TRUE	FALSE
PD7266b	EGAF00000064176	data-bucket/data/EGAF00000064176/6719_3#8.bam	PD7266	1	N	1	ILLUMINA	unit1	ET	TRUE	FALSE
PD7267a	EGAF00000064187	data-bucket/data/EGAF00000064187/6734_5#8.bam	PD7267	1	T	1	ILLUMINA	unit1	ET	TRUE	FALSE
PD7267b	EGAF00000064170	data-bucket/data/EGAF00000064170/6719_4#1.bam	PD7267	1	N	1	ILLUMINA	unit1	ET	TRUE	FALSE
PD7268a	EGAF00000064201	data-bucket/data/EGAF00000064201/6734_7#7.bam	PD7268	1	T	1	ILLUMINA	unit1	ET	TRUE	FALSE
PD7268b	EGAF00000064138	data-bucket/data/EGAF00000064138/6719_6#8.bam	PD7268	1	N	1	ILLUMINA	unit1	ET	TRUE	FALSE
PD7269a	EGAF00000064177	data-bucket/data/EGAF00000064177/6734_7#8.bam	PD7269	1	T	1	ILLUMINA	unit1	ET	TRUE	FALSE
PD7269b	EGAF00000064173	data-bucket/data/EGAF00000064173/6719_6#1.bam	PD7269	1	N	1	ILLUMINA	unit1	ET	TRUE	FALSE
PD7270a	EGAF00000064133	data-bucket/data/EGAF00000064133/6735_1#6.bam	PD7270	1	T	1	ILLUMINA	unit1	ET	TRUE	FALSE
PD7270b	EGAF00000064174	data-bucket/data/EGAF00000064174/6719_8#7.bam	PD7270	1	N	1	ILLUMINA	unit1	ET	TRUE	FALSE
PD7271a	EGAF00000064171	data-bucket/data/EGAF00000064171/6735_2#7.bam	PD7271	1	T	1	ILLUMINA	unit1	ET	TRUE	FALSE
PD7271b	EGAF00000064183	data-bucket/data/EGAF00000064183/6722_1#8.bam	PD7271	1	N	1	ILLUMINA	unit1	ET	TRUE	FALSE
PD7272a	EGAF00000064134	data-bucket/data/EGAF00000064134/6735_2#8.bam	PD7272	1	T	1	ILLUMINA	unit1	ET	TRUE	FALSE
PD7272b	EGAF00000064184	data-bucket/data/EGAF00000064184/6722_1#1.bam	PD7272	1	N	1	ILLUMINA	unit1	ET	TRUE	FALSE
PD7273a	EGAF00000064200	data-bucket/data/EGAF00000064200/6735_3#4.bam	PD7273	1	T	1	ILLUMINA	unit1	ET	TRUE	FALSE
PD7273b	EGAF00000064193	data-bucket/data/EGAF00000064193/6722_2#5.bam	PD7273	1	N	1	ILLUMINA	unit1	ET	TRUE	FALSE
PD7274a	EGAF00000064162	data-bucket/data/EGAF00000064162/6735_4#5.bam	PD7274	1	T	1	ILLUMINA	unit1	ET	TRUE	FALSE
PD7274b	EGAF00000064186	data-bucket/data/EGAF00000064186/6722_3#6.bam	PD7274	1	N	1	ILLUMINA	unit1	ET	TRUE	FALSE
PD7275a	EGAF00000064132	data-bucket/data/EGAF00000064132/6735_4#7.bam	PD7275	1	T	1	ILLUMINA	unit1	ET	TRUE	FALSE
PD7275b	EGAF00000064205	data-bucket/data/EGAF00000064205/6722_3#8.bam	PD7275	1	N	1	ILLUMINA	unit1	ET	TRUE	FALSE
PD7276a	EGAF00000064210	data-bucket/data/EGAF00000064210/6735_5#8.bam	PD7276	1	T	1	ILLUMINA	unit1	ET	TRUE	FALSE
PD7276b	EGAF00000064146	data-bucket/data/EGAF00000064146/6722_4#1.bam	PD7276	1	N	1	ILLUMINA	unit1	ET	TRUE	FALSE
PD7278a	EGAF00000064159	data-bucket/data/EGAF00000064159/6735_5#1.bam	PD7278	1	T	1	ILLUMINA	unit1	ET	TRUE	FALSE
PD7278b	EGAF00000064140	data-bucket/data/EGAF00000064140/6722_4#2.bam	PD7278	1	N	1	ILLUMINA	unit1	ET	TRUE	FALSE
PD7279a	EGAF00000064204	data-bucket/data/EGAF00000064204/6735_5#2.bam	PD7279	1	T	1	ILLUMINA	unit1	ET	TRUE	FALSE
PD7279b	EGAF00000064155	data-bucket/data/EGAF00000064155/6722_4#3.bam	PD7279	1	N	1	ILLUMINA	unit1	ET	TRUE	FALSE
PD7280a	EGAF00000066361	data-bucket/data/EGAF00000066361/6735_7#7.bam	PD7280	1	T	1	ILLUMINA	unit1	PV	TRUE	FALSE
PD7280b	EGAF00000066362	data-bucket/data/EGAF00000066362/6722_6#8.bam	PD7280	1	N	1	ILLUMINA	unit1	PV	TRUE	FALSE
PD7281a	EGAF00000066329	data-bucket/data/EGAF00000066329/6735_8#4.bam	PD7281	1	T	1	ILLUMINA	unit1	PV	TRUE	FALSE
PD7281b	EGAF00000066339	data-bucket/data/EGAF00000066339/6722_8#5.bam	PD7281	1	N	1	ILLUMINA	unit1	PV	TRUE	FALSE
PD7392a	EGAF00000064142	data-bucket/data/EGAF00000064142/6831_6#4.bam	PD7392	1	T	2	ILLUMINA	unit1	ET	TRUE	FALSE
PD7392b	EGAF00000064149	data-bucket/data/EGAF00000064149/6874_2#4.bam	PD7392	1	N	2	ILLUMINA	unit1	ET	TRUE	FALSE
PD7393a	EGAF00000064190	data-bucket/data/EGAF00000064190/6831_6#5.bam	PD7393	1	T	2	ILLUMINA	unit1	ET	TRUE	FALSE
PD7393b	EGAF00000064207	data-bucket/data/EGAF00000064207/6874_2#5.bam	PD7393	1	N	2	ILLUMINA	unit1	ET	TRUE	FALSE
PD7394a	EGAF00000064144	data-bucket/data/EGAF00000064144/6831_6#6.bam	PD7394	1	T	2	ILLUMINA	unit1	ET	TRUE	FALSE
PD7394b	EGAF00000064135	data-bucket/data/EGAF00000064135/6874_2#6.bam	PD7394	1	N	2	ILLUMINA	unit1	ET	TRUE	FALSE
PD7395a	EGAF00000066374	data-bucket/data/EGAF00000066374/6886_7#2.bam	PD7395	1	T	1	ILLUMINA	unit1	PV	TRUE	FALSE
PD7395b	EGAF00000066416	data-bucket/data/EGAF00000066416/6880_7#2.bam	PD7395	1	N	1	ILLUMINA	unit1	PV	TRUE	FALSE
PD7396a	EGAF00000066348	data-bucket/data/EGAF00000066348/6886_7#3.bam	PD7396	1	T	1	ILLUMINA	unit1	PV	TRUE	FALSE
PD7396b	EGAF00000066406	data-bucket/data/EGAF00000066406/6880_7#3.bam	PD7396	1	N	1	ILLUMINA	unit1	PV	TRUE	FALSE
PD7397a	EGAF00000066371	data-bucket/data/EGAF00000066371/6886_7#4.bam	PD7397	1	T	1	ILLUMINA	unit1	PV	TRUE	FALSE
PD7397b	EGAF00000066396	data-bucket/data/EGAF00000066396/6880_7#4.bam	PD7397	1	N	1	ILLUMINA	unit1	PV	TRUE	FALSE
PD7398a	EGAF00000066394	data-bucket/data/EGAF00000066394/6886_8#5.bam	PD7398	1	T	1	ILLUMINA	unit1	PV	TRUE	FALSE
PD7398b	EGAF00000066420	data-bucket/data/EGAF00000066420/6880_8#5.bam	PD7398	1	N	1	ILLUMINA	unit1	PV	TRUE	FALSE
PD7399a	EGAF00000066367	data-bucket/data/EGAF00000066367/6886_8#6.bam	PD7399	1	T	1	ILLUMINA	unit1	PV	TRUE	FALSE
PD7399b	EGAF00000066413	data-bucket/data/EGAF00000066413/6880_8#6.bam	PD7399	1	N	1	ILLUMINA	unit1	PV	TRUE	FALSE
PD7400a	EGAF00000066381	data-bucket/data/EGAF00000066381/6886_8#7.bam	PD7400	1	T	1	ILLUMINA	unit1	PV	TRUE	FALSE
PD7400b	EGAF00000066399	data-bucket/data/EGAF00000066399/6880_8#7.bam	PD7400	1	N	1	ILLUMINA	unit1	PV	TRUE	FALSE
PD7436a	EGAF00000111517	data-bucket/data/EGAF00000111517/7344_6#2.bam	PD7436	1	T	1	ILLUMINA	unit1	ET	TRUE	FALSE
PD7436b	EGAF00000111497	data-bucket/data/EGAF00000111497/7200_2#2.bam	PD7436	1	N	1	ILLUMINA	unit1	ET	TRUE	FALSE
PD7437a	EGAF00000111513	data-bucket/data/EGAF00000111513/7344_5#3.bam	PD7437	1	T	1	ILLUMINA	unit1	ET	TRUE	FALSE
PD7437b	EGAF00000111493	data-bucket/data/EGAF00000111493/7200_1#3.bam	PD7437	1	N	1	ILLUMINA	unit1	ET	TRUE	FALSE
PD7438a	EGAF00000111514	data-bucket/data/EGAF00000111514/7344_5#4.bam	PD7438	1	T	1	ILLUMINA	unit1	ET	TRUE	FALSE
PD7438b	EGAF00000111494	data-bucket/data/EGAF00000111494/7200_1#4.bam	PD7438	1	N	1	ILLUMINA	unit1	ET	TRUE	FALSE
PD7439a	EGAF00000111515	data-bucket/data/EGAF00000111515/7344_5#5.bam	PD7439	1	T	1	ILLUMINA	unit1	ET	TRUE	FALSE
PD7439b	EGAF00000111495	data-bucket/data/EGAF00000111495/7200_1#5.bam	PD7439	1	N	1	ILLUMINA	unit1	ET	TRUE	FALSE
PD7440a	EGAF00000111510	data-bucket/data/EGAF00000111510/7344_4#6.bam	PD7440	1	T	1	ILLUMINA	unit1	ET	TRUE	FALSE
PD7440b	EGAF00000111491	data-bucket/data/EGAF00000111491/7096_8#6.bam	PD7440	1	N	1	ILLUMINA	unit1	ET	TRUE	FALSE
PD7441a	EGAF00000111511	data-bucket/data/EGAF00000111511/7344_4#7.bam	PD7441	1	T	1	ILLUMINA	unit1	ET	TRUE	FALSE
PD7441b	EGAF00000111492	data-bucket/data/EGAF00000111492/7096_8#7.bam	PD7441	1	N	1	ILLUMINA	unit1	ET	TRUE	FALSE
PD7442a	EGAF00000111512	data-bucket/data/EGAF00000111512/7344_4#8.bam	PD7442	1	T	1	ILLUMINA	unit1	ET	TRUE	FALSE
PD7442b	EGAF00000103634	data-bucket/data/EGAF00000103634/7096_8#8.bam	PD7442	1	N	1	ILLUMINA	unit1	ET	TRUE	FALSE
PD7443a	EGAF00000111508	data-bucket/data/EGAF00000111508/7304_8#1.bam	PD7443	1	T	1	ILLUMINA	unit1	ET	TRUE	FALSE
PD7443b	EGAF00000111489	data-bucket/data/EGAF00000111489/7096_7#1.bam	PD7443	1	N	1	ILLUMINA	unit1	ET	TRUE	FALSE
PD7444a	EGAF00000111509	data-bucket/data/EGAF00000111509/7304_8#2.bam	PD7444	1	T	1	ILLUMINA	unit1	ET	TRUE	FALSE
PD7444b	EGAF00000111490	data-bucket/data/EGAF00000111490/7096_7#2.bam	PD7444	1	N	1	ILLUMINA	unit1	ET	TRUE	FALSE
PD8624a	EGAF00000104766	data-bucket/data/EGAF00000104766/7394_2#5.bam	PD8624	1	T	1	ILLUMINA	unit1	PV	TRUE	FALSE
PD8624b	EGAF00000104761	data-bucket/data/EGAF00000104761/7175_7#5.bam	PD8624	1	N	1	ILLUMINA	unit1	PV	TRUE	FALSE
PD8625a	EGAF00000103251	data-bucket/data/EGAF00000103251/7394_2#6.bam	PD8625	1	T	1	ILLUMINA	unit1	PV	TRUE	FALSE
PD8625b	EGAF00000103244	data-bucket/data/EGAF00000103244/7175_7#6.bam	PD8625	1	N	1	ILLUMINA	unit1	PV	TRUE	FALSE
PD8626a	EGAF00000104767	data-bucket/data/EGAF00000104767/7394_2#7.bam	PD8626	1	T	1	ILLUMINA	unit1	PV	TRUE	FALSE
PD8626b	EGAF00000104762	data-bucket/data/EGAF00000104762/7175_7#7.bam	PD8626	1	N	1	ILLUMINA	unit1	PV	TRUE	FALSE
PD8627a	EGAF00000103248	data-bucket/data/EGAF00000103248/7383_6#8.bam	PD8627	1	T	1	ILLUMINA	unit1	PV	TRUE	FALSE
PD8627b	EGAF00000104759	data-bucket/data/EGAF00000104759/7175_5#8.bam	PD8627	1	N	1	ILLUMINA	unit1	PV	TRUE	FALSE
PD8628a	EGAF00000104768	data-bucket/data/EGAF00000104768/7394_3#1.bam	PD8628	1	T	1	ILLUMINA	unit1	PV	TRUE	FALSE
PD8628b	EGAF00000104763	data-bucket/data/EGAF00000104763/7175_8#1.bam	PD8628	1	N	1	ILLUMINA	unit1	PV	TRUE	FALSE
PD8629a	EGAF00000103252	data-bucket/data/EGAF00000103252/7394_3#2.bam	PD8629	1	T	1	ILLUMINA	unit1	PV	TRUE	FALSE
PD8629b	EGAF00000103245	data-bucket/data/EGAF00000103245/7175_8#2.bam	PD8629	1	N	1	ILLUMINA	unit1	PV	TRUE	FALSE
PD8630a	EGAF00000103253	data-bucket/data/EGAF00000103253/7394_3#3.bam	PD8630	1	T	1	ILLUMINA	unit1	PV	TRUE	FALSE
PD8630b	EGAF00000103246	data-bucket/data/EGAF00000103246/7175_8#3.bam	PD8630	1	N	1	ILLUMINA	unit1	PV	TRUE	FALSE
PD8631a	EGAF00000111537	data-bucket/data/EGAF00000111537/7383_5#4.bam	PD8631	1	T	1	ILLUMINA	unit1	ET	TRUE	FALSE
PD8631b	EGAF00000101354	data-bucket/data/EGAF00000101354/7393_8#4.bam	PD8631	1	N	1	ILLUMINA	unit1	ET	TRUE	FALSE
PD8632a	EGAF00000111538	data-bucket/data/EGAF00000111538/7383_5#5.bam	PD8632	1	T	1	ILLUMINA	unit1	ET	TRUE	FALSE
PD8632b	EGAF00000101355	data-bucket/data/EGAF00000101355/7393_8#5.bam	PD8632	1	N	1	ILLUMINA	unit1	ET	TRUE	FALSE
PD8633a	EGAF00000111545	data-bucket/data/EGAF00000111545/7394_4#6.bam	PD8633	1	T	2	ILLUMINA	unit1	ET	TRUE	FALSE
PD8633b	EGAF00000111525	data-bucket/data/EGAF00000111525/7379_2#6.bam	PD8633	1	N	1	ILLUMINA	unit1	ET	TRUE	FALSE
PD8634a	EGAF00000111546	data-bucket/data/EGAF00000111546/7394_4#7.bam	PD8634	1	T	2	ILLUMINA	unit1	ET	TRUE	FALSE
PD8634b	EGAF00000111526	data-bucket/data/EGAF00000111526/7379_2#7.bam	PD8634	1	N	1	ILLUMINA	unit1	ET	TRUE	FALSE
PD8635a	EGAF00000111547	data-bucket/data/EGAF00000111547/7394_4#8.bam	PD8635	1	T	2	ILLUMINA	unit1	ET	TRUE	FALSE
PD8635b	EGAF00000111527	data-bucket/data/EGAF00000111527/7379_2#8.bam	PD8635	1	N	1	ILLUMINA	unit1	ET	TRUE	FALSE
PD8636a	EGAF00000111548	data-bucket/data/EGAF00000111548/7394_5#1.bam	PD8636	1	T	1	ILLUMINA	unit1	ET	TRUE	TRUE
PD8636b	EGAF00000111528	data-bucket/data/EGAF00000111528/7379_3#1.bam	PD8636	1	N	1	ILLUMINA	unit1	ET	TRUE	TRUE
PD8637a	EGAF00000111549	data-bucket/data/EGAF00000111549/7394_5#2.bam	PD8637	1	T	1	ILLUMINA	unit1	ET	TRUE	FALSE
PD8637b	EGAF00000111529	data-bucket/data/EGAF00000111529/7379_3#2.bam	PD8637	1	N	1	ILLUMINA	unit1	ET	TRUE	FALSE
PD8639a	EGAF00000111550	data-bucket/data/EGAF00000111550/7394_5#3.bam	PD8639	1	T	1	ILLUMINA	unit1	ET	TRUE	FALSE
PD8639b	EGAF00000111530	data-bucket/data/EGAF00000111530/7379_3#3.bam	PD8639	1	N	1	ILLUMINA	unit1	ET	TRUE	FALSE
PD8640a	EGAF00000111551	data-bucket/data/EGAF00000111551/7394_6#4.bam	PD8640	1	T	1	ILLUMINA	unit1	ET	TRUE	FALSE
PD8640b	EGAF00000111531	data-bucket/data/EGAF00000111531/7379_4#4.bam	PD8640	1	N	1	ILLUMINA	unit1	ET	TRUE	FALSE
PD8641a	EGAF00000111552	data-bucket/data/EGAF00000111552/7394_6#5.bam	PD8641	1	T	1	ILLUMINA	unit1	ET	TRUE	FALSE
PD8641b	EGAF00000111532	data-bucket/data/EGAF00000111532/7379_4#5.bam	PD8641	1	N	1	ILLUMINA	unit1	ET	TRUE	FALSE
PD8642a	EGAF00000111553	data-bucket/data/EGAF00000111553/7394_6#6.bam	PD8642	1	T	1	ILLUMINA	unit1	ET	TRUE	FALSE
PD8642b	EGAF00000111533	data-bucket/data/EGAF00000111533/7379_4#6.bam	PD8642	1	N	1	ILLUMINA	unit1	ET	TRUE	FALSE
PD8643a	EGAF00000111554	data-bucket/data/EGAF00000111554/7394_7#7.bam	PD8643	1	T	1	ILLUMINA	unit1	ET	TRUE	FALSE
PD8643b	EGAF00000111534	data-bucket/data/EGAF00000111534/7379_6#7.bam	PD8643	1	N	1	ILLUMINA	unit1	ET	TRUE	FALSE
PD8644a	EGAF00000103635	data-bucket/data/EGAF00000103635/7394_7#8.bam	PD8644	1	T	1	ILLUMINA	unit1	ET	TRUE	FALSE
PD8644b	EGAF00000111535	data-bucket/data/EGAF00000111535/7379_6#8.bam	PD8644	1	N	1	ILLUMINA	unit1	ET	TRUE	FALSE
PD8942a	EGAF00000163503	data-bucket/data/EGAF00000163503/8678_3#6.bam	PD8942	1	T	2	ILLUMINA	unit1	ET	TRUE	FALSE
PD8942b	EGAF00000147123	data-bucket/data/EGAF00000147123/8267_2#7.bam	PD8942	1	N	1	ILLUMINA	unit1	ET	TRUE	FALSE
PD8943a	EGAF00000163504	data-bucket/data/EGAF00000163504/8678_3#7.bam	PD8943	1	T	2	ILLUMINA	unit1	ET	TRUE	FALSE
PD8943b	EGAF00000147120	data-bucket/data/EGAF00000147120/8267_1#6.bam	PD8943	1	N	2	ILLUMINA	unit1	ET	TRUE	FALSE
PD8944a	EGAF00000163505	data-bucket/data/EGAF00000163505/8678_3#8.bam	PD8944	1	T	2	ILLUMINA	unit1	ET	TRUE	FALSE
PD8944b	EGAF00000147124	data-bucket/data/EGAF00000147124/8267_2#8.bam	PD8944	1	N	1	ILLUMINA	unit1	ET	TRUE	FALSE
PD8945a	EGAF00000163506	data-bucket/data/EGAF00000163506/8678_3#9.bam	PD8945	1	T	2	ILLUMINA	unit1	ET	FALSE	FALSE
PD8945b	EGAF00000147122	data-bucket/data/EGAF00000147122/8267_2#1.bam	PD8945	1	T	1	ILLUMINA	unit1	ET	FALSE	FALSE
PDNEW01a	EGAF00000147093	data-bucket/data/EGAF00000147093/8251_6#2.bam	PDNEW01	1	T	2	ILLUMINA	unit1	PMF	FALSE	FALSE
PDNEW01b	EGAF00000122106	data-bucket/data/EGAF00000122106/7846_5#2.bam	PDNEW01	1	T	1	ILLUMINA	unit1	PMF	FALSE	FALSE
PDNEW02a	EGAF00000147101	data-bucket/data/EGAF00000147101/8251_7#2.bam	PDNEW02	1	N	2	ILLUMINA	unit1	PMF	TRUE	FALSE
PDNEW02b	EGAF00000119262	data-bucket/data/EGAF00000119262/7822_1#3.bam	PDNEW02	1	T	1	ILLUMINA	unit1	PMF	TRUE	FALSE
PDNEW03a	EGAF00000147051	data-bucket/data/EGAF00000147051/8267_4#3.bam	PDNEW03	1	N	2	ILLUMINA	unit1	ET	TRUE	FALSE
PDNEW03b	EGAF00000147036	data-bucket/data/EGAF00000147036/8251_2#2.bam	PDNEW03	1	T	2	ILLUMINA	unit1	ET	TRUE	FALSE
PDNEW04a	EGAF00000147098	data-bucket/data/EGAF00000147098/8251_6#7.bam	PDNEW04	1	N	2	ILLUMINA	unit1	PMF	TRUE	FALSE
PDNEW04b	EGAF00000119263	data-bucket/data/EGAF00000119263/7822_1#4.bam	PDNEW04	1	T	1	ILLUMINA	unit1	PMF	TRUE	FALSE
PDNEW05a	EGAF00000147043	data-bucket/data/EGAF00000147043/8267_3#3.bam	PDNEW05	1	N	2	ILLUMINA	unit1	ET	TRUE	FALSE
PDNEW05b	EGAF00000147029	data-bucket/data/EGAF00000147029/8251_1#2.bam	PDNEW05	1	T	2	ILLUMINA	unit1	ET	TRUE	FALSE
PDNEW06a	EGAF00000147042	data-bucket/data/EGAF00000147042/8267_3#2.bam	PDNEW06	1	N	2	ILLUMINA	unit1	ET	TRUE	FALSE
PDNEW06b	EGAF00000147028	data-bucket/data/EGAF00000147028/8251_1#1.bam	PDNEW06	1	T	2	ILLUMINA	unit1	ET	TRUE	FALSE
PDNEW07a	EGAF00000069774	data-bucket/data/EGAF00000069774/4500_8.bam	PDNEW07	1	N	3	ILLUMINA	unit1	PMF	TRUE	FALSE
PDNEW07b	EGAF00000069757	data-bucket/data/EGAF00000069757/4518_1.bam	PDNEW07	1	T	3	ILLUMINA	unit1	PMF	TRUE	FALSE
PDNEW08a	EGAF00000147111	data-bucket/data/EGAF00000147111/8251_8#4.bam	PDNEW08	1	N	2	ILLUMINA	unit1	PMF	TRUE	FALSE
PDNEW08b	EGAF00000122107	data-bucket/data/EGAF00000122107/7846_5#3.bam	PDNEW08	1	T	1	ILLUMINA	unit1	PMF	TRUE	FALSE
PDNEW09a	EGAF00000147049	data-bucket/data/EGAF00000147049/8267_4#1.bam	PDNEW09	1	N	2	ILLUMINA	unit1	ET	TRUE	FALSE
PDNEW09b	EGAF00000147041	data-bucket/data/EGAF00000147041/8251_2#8.bam	PDNEW09	1	T	2	ILLUMINA	unit1	ET	TRUE	FALSE
PDNEW10a	EGAF00000147102	data-bucket/data/EGAF00000147102/8251_7#3.bam	PDNEW10	1	N	2	ILLUMINA	unit1	PMF	TRUE	FALSE
PDNEW10b	EGAF00000122109	data-bucket/data/EGAF00000122109/7846_6#5.bam	PDNEW10	1	T	1	ILLUMINA	unit1	PMF	TRUE	FALSE
PDNEW11a	EGAF00000147046	data-bucket/data/EGAF00000147046/8267_3#6.bam	PDNEW11	1	N	2	ILLUMINA	unit1	ET	TRUE	FALSE
PDNEW11b	EGAF00000147032	data-bucket/data/EGAF00000147032/8251_1#5.bam	PDNEW11	1	T	2	ILLUMINA	unit1	ET	TRUE	FALSE
PDNEW12a	EGAF00000147108	data-bucket/data/EGAF00000147108/8251_8#1.bam	PDNEW12	1	N	2	ILLUMINA	unit1	PMF	TRUE	FALSE
PDNEW12b	EGAF00000122104	data-bucket/data/EGAF00000122104/7846_4#8.bam	PDNEW12	1	T	1	ILLUMINA	unit1	PMF	TRUE	FALSE
PDNEW13a	EGAF00000147050	data-bucket/data/EGAF00000147050/8267_4#2.bam	PDNEW13	1	N	2	ILLUMINA	unit1	ET	TRUE	FALSE
PDNEW13b	EGAF00000147035	data-bucket/data/EGAF00000147035/8251_2#1.bam	PDNEW13	1	T	2	ILLUMINA	unit1	ET	TRUE	FALSE
PDNEW14a	EGAF00000147048	data-bucket/data/EGAF00000147048/8267_3#8.bam	PDNEW14	1	N	2	ILLUMINA	unit1	ET	TRUE	FALSE
PDNEW14b	EGAF00000147034	data-bucket/data/EGAF00000147034/8251_1#7.bam	PDNEW14	1	T	2	ILLUMINA	unit1	ET	TRUE	FALSE
PDNEW15a	EGAF00000147047	data-bucket/data/EGAF00000147047/8267_3#7.bam	PDNEW15	1	N	2	ILLUMINA	unit1	ET	TRUE	FALSE
PDNEW15b	EGAF00000147033	data-bucket/data/EGAF00000147033/8251_1#6.bam	PDNEW15	1	T	2	ILLUMINA	unit1	ET	TRUE	FALSE
PDNEW16a	EGAF00000147109	data-bucket/data/EGAF00000147109/8251_8#2.bam	PDNEW16	1	N	2	ILLUMINA	unit1	PMF	TRUE	FALSE
PDNEW16b	EGAF00000122103	data-bucket/data/EGAF00000122103/7846_4#7.bam	PDNEW16	1	T	1	ILLUMINA	unit1	PMF	TRUE	FALSE
PDNEW17a	EGAF00000147099	data-bucket/data/EGAF00000147099/8251_6#8.bam	PDNEW17	1	N	2	ILLUMINA	unit1	PMF	TRUE	FALSE
PDNEW17b	EGAF00000119258	data-bucket/data/EGAF00000119258/7820_8#3.bam	PDNEW17	1	T	1	ILLUMINA	unit1	PMF	TRUE	FALSE
PDNEW18a	EGAF00000147044	data-bucket/data/EGAF00000147044/8267_3#4.bam	PDNEW18	1	N	2	ILLUMINA	unit1	ET	TRUE	FALSE
PDNEW18b	EGAF00000147030	data-bucket/data/EGAF00000147030/8251_1#3.bam	PDNEW18	1	T	2	ILLUMINA	unit1	ET	TRUE	FALSE
PDNEW19a	EGAF00000147095	data-bucket/data/EGAF00000147095/8251_6#4.bam	PDNEW19	1	N	2	ILLUMINA	unit1	PMF	TRUE	FALSE
PDNEW19b	EGAF00000119260	data-bucket/data/EGAF00000119260/7822_1#1.bam	PDNEW19	1	T	1	ILLUMINA	unit1	PMF	TRUE	FALSE
PDNEW20a	EGAF00000147052	data-bucket/data/EGAF00000147052/8267_4#4.bam	PDNEW20	1	N	2	ILLUMINA	unit1	ET	TRUE	FALSE
PDNEW20b	EGAF00000147037	data-bucket/data/EGAF00000147037/8251_2#3.bam	PDNEW20	1	T	2	ILLUMINA	unit1	ET	TRUE	FALSE
PDNEW21a	EGAF00000147096	data-bucket/data/EGAF00000147096/8251_6#5.bam	PDNEW21	1	N	2	ILLUMINA	unit1	PMF	TRUE	FALSE
PDNEW21b	EGAF00000122101	data-bucket/data/EGAF00000122101/7846_4#5.bam	PDNEW21	1	T	1	ILLUMINA	unit1	PMF	TRUE	FALSE
PDNEW22a	EGAF00000147103	data-bucket/data/EGAF00000147103/8251_7#4.bam	PDNEW22	1	N	2	ILLUMINA	unit1	PMF	TRUE	FALSE
PDNEW22b	EGAF00000119267	data-bucket/data/EGAF00000119267/7822_2#8.bam	PDNEW22	1	T	1	ILLUMINA	unit1	PMF	TRUE	FALSE
PDNEW23a	EGAF00000147092	data-bucket/data/EGAF00000147092/8251_6#1.bam	PDNEW23	1	N	2	ILLUMINA	unit1	PMF	TRUE	FALSE
PDNEW23b	EGAF00000119254	data-bucket/data/EGAF00000119254/7820_7#1.bam	PDNEW23	1	T	1	ILLUMINA	unit1	PMF	TRUE	FALSE
PDNEW24a	EGAF00000147054	data-bucket/data/EGAF00000147054/8267_4#6.bam	PDNEW24	1	N	2	ILLUMINA	unit1	ET	TRUE	FALSE
PDNEW24b	EGAF00000147039	data-bucket/data/EGAF00000147039/8251_2#5.bam	PDNEW24	1	T	2	ILLUMINA	unit1	ET	TRUE	FALSE
PDNEW25a	EGAF00000147104	data-bucket/data/EGAF00000147104/8251_7#5.bam	PDNEW25	1	T	2	ILLUMINA	unit1	PMF	FALSE	FALSE
PDNEW25b	EGAF00000119264	data-bucket/data/EGAF00000119264/7822_2#5.bam	PDNEW25	1	T	1	ILLUMINA	unit1	PMF	FALSE	FALSE
PDNEW26a	EGAF00000147106	data-bucket/data/EGAF00000147106/8251_7#7.bam	PDNEW26	1	N	2	ILLUMINA	unit1	PMF	TRUE	FALSE
PDNEW26b	EGAF00000119259	data-bucket/data/EGAF00000119259/7820_8#4.bam	PDNEW26	1	T	1	ILLUMINA	unit1	PMF	TRUE	FALSE
PDNEW27a	EGAF00000147110	data-bucket/data/EGAF00000147110/8251_8#3.bam	PDNEW27	1	N	2	ILLUMINA	unit1	PMF	TRUE	FALSE
PDNEW27b	EGAF00000122105	data-bucket/data/EGAF00000122105/7846_5#1.bam	PDNEW27	1	T	1	ILLUMINA	unit1	PMF	TRUE	FALSE
PDNEW28a	EGAF00000147094	data-bucket/data/EGAF00000147094/8251_6#3.bam	PDNEW28	1	N	2	ILLUMINA	unit1	PMF	TRUE	FALSE
PDNEW28b	EGAF00000119261	data-bucket/data/EGAF00000119261/7822_1#2.bam	PDNEW28	1	T	1	ILLUMINA	unit1	PMF	TRUE	FALSE
PDNEW30a	EGAF00000147045	data-bucket/data/EGAF00000147045/8267_3#5.bam	PDNEW30	1	N	2	ILLUMINA	unit1	ET	TRUE	FALSE
PDNEW30b	EGAF00000147031	data-bucket/data/EGAF00000147031/8251_1#4.bam	PDNEW30	1	T	2	ILLUMINA	unit1	ET	TRUE	FALSE
PDNEW31a	EGAF00000147107	data-bucket/data/EGAF00000147107/8251_7#8.bam	PDNEW31	1	N	2	ILLUMINA	unit1	PMF	TRUE	FALSE
PDNEW31b	EGAF00000119255	data-bucket/data/EGAF00000119255/7820_7#7.bam	PDNEW31	1	T	1	ILLUMINA	unit1	PMF	TRUE	FALSE
PDNEW32a	EGAF00000147053	data-bucket/data/EGAF00000147053/8267_4#5.bam	PDNEW32	1	N	2	ILLUMINA	unit1	ET	TRUE	FALSE
PDNEW32b	EGAF00000147038	data-bucket/data/EGAF00000147038/8251_2#4.bam	PDNEW32	1	T	2	ILLUMINA	unit1	ET	TRUE	FALSE
PDNEW33a	EGAF00000147055	data-bucket/data/EGAF00000147055/8267_4#7.bam	PDNEW33	1	N	2	ILLUMINA	unit1	ET	TRUE	FALSE
PDNEW33b	EGAF00000147040	data-bucket/data/EGAF00000147040/8251_2#6.bam	PDNEW33	1	T	2	ILLUMINA	unit1	ET	TRUE	FALSE
PDNEW34a	EGAF00000147097	data-bucket/data/EGAF00000147097/8251_6#6.bam	PDNEW34	1	N	2	ILLUMINA	unit1	PMF	TRUE	FALSE
PDNEW34b	EGAF00000122108	data-bucket/data/EGAF00000122108/7846_5#4.bam	PDNEW34	1	T	1	ILLUMINA	unit1	PMF	TRUE	FALSE
PDNEW35a	EGAF00000147105	data-bucket/data/EGAF00000147105/8251_7#6.bam	PDNEW35	1	N	2	ILLUMINA	unit1	PMF	TRUE	FALSE
PDNEW35b	EGAF00000122111	data-bucket/data/EGAF00000122111/7846_6#7.bam	PDNEW35	1	T	1	ILLUMINA	unit1	PMF	TRUE	FALSE
PDNEW36a	EGAF00000147100	data-bucket/data/EGAF00000147100/8251_7#1.bam	PDNEW36	1	N	2	ILLUMINA	unit1	PMF	TRUE	FALSE
PDNEW36b	EGAF00000122112	data-bucket/data/EGAF00000122112/7846_6#8.bam	PDNEW36	1	T	1	ILLUMINA	unit1	PMF	TRUE	FALSE